
INSERT INTO [DSM_ENTABLE] VALUES ('20d6efd7-697a-4b60-bcd1-37b319da206f', 'DMP_ZWKMlink', '科目关联关系表', 6, 'DMP_ZWKMlink', '', NULL, NULL, 'ID', 'ID', '4', '2020-06-11 14:38:23.000', '2020-06-11 14:38:23.573', 'scott', NULL, NULL, NULL, 1, ',', 'TEXTFILE', '', 0, '', '', '', ''); GO
INSERT INTO [DSM_ENTABLE] VALUES ('2cb35a10-37d6-47ff-b59f-275dc0e66bf0', 'SASAOrgRelation', '国企组织关联业务系统组织表', 6, 'SASAOrgRelation', '', NULL, NULL, 'ID', 'ID', '4', '2020-06-11 14:21:39.000', '2020-06-11 14:21:39.817', 'scott', NULL, NULL, NULL, 1, ',', 'TEXTFILE', '', 0, '', '', '', ''); GO
INSERT INTO [DSM_ENTABLE] VALUES ('78896e6a-261e-4b0d-9790-f93a2ed79e11', 'DMP_ZJuselink', '资金用途关联关系表', 6, 'DMP_ZJuselink', '', NULL, NULL, 'ID', 'ID', '4', '2020-06-11 14:34:13.000', '2020-06-11 14:34:13.383', 'scott', NULL, NULL, NULL, 1, ',', 'TEXTFILE', '', 0, '', '', '', ''); GO
INSERT INTO [DSM_ENTABLE] VALUES ('8372efb7-a0ea-4a48-aa26-46ef51301d9f', 'D1003', '集团监管决策制度', 10, 'd', '', NULL, NULL, '', '', '2', '2020-06-08 16:54:14.000', '2020-06-08 16:54:20.347', 'scott', NULL, NULL, NULL, 1, ',', 'TEXTFILE', '', 0, '', '', '', ''); GO
INSERT INTO [DSM_ENTABLE] VALUES ('8a23916c-d723-4727-a839-251e6a125389', 'D1035', '中央企业组织机构股权结构表', 10, 's', '', NULL, NULL, '', '', '2', '2020-06-08 16:52:40.000', '2020-06-08 16:52:45.977', 'scott', NULL, NULL, NULL, 1, ',', 'TEXTFILE', '', 0, '', '', '', ''); GO
INSERT INTO [DSM_ENTABLE] VALUES ('f2402661-b917-422b-8aad-15c1b247ca16', 'DMP_ZWBZLINK', '币种关联关系表', 6, 'DMP_ZWBZLINK', '', NULL, NULL, 'ID', 'ID', '4', '2020-06-11 14:42:13.000', '2020-06-11 14:42:13.853', 'scott', NULL, NULL, NULL, 1, ',', 'TEXTFILE', '', 0, '', '', '', ''); GO




INSERT INTO [DSM_ENTABLEGROUPMAPPING] VALUES ('08ae946d-9aaa-42a3-ab66-e0d82ad084b8', '20d6efd7-697a-4b60-bcd1-37b319da206f', 'df0300b9-205a-45d4-8620-f9b9b11ccd6a'); GO
INSERT INTO [DSM_ENTABLEGROUPMAPPING] VALUES ('428a5ecb-4ae7-4f18-8648-d728f27ec9b1', 'f2402661-b917-422b-8aad-15c1b247ca16', 'df0300b9-205a-45d4-8620-f9b9b11ccd6a'); GO
INSERT INTO [DSM_ENTABLEGROUPMAPPING] VALUES ('6fb3b954-86ee-4622-9576-22e6368ccf0a', '78896e6a-261e-4b0d-9790-f93a2ed79e11', 'df0300b9-205a-45d4-8620-f9b9b11ccd6a'); GO
INSERT INTO [DSM_ENTABLEGROUPMAPPING] VALUES ('b846d48f-0642-44cb-ac1c-a3aa8c0bfcda', '2cb35a10-37d6-47ff-b59f-275dc0e66bf0', 'df0300b9-205a-45d4-8620-f9b9b11ccd6a'); GO


INSERT INTO [DSM_ENTITYFIELD] VALUES ('0b025d97-08cc-48ad-bef1-d2498137ade1', '8a23916c-d723-4727-a839-251e6a125389', 'g_12310', '状态码', '0', 32, NULL, '', '1', '0', '8', '2020-06-08 16:52:40.000', 'scott', '2020-06-08 16:52:40.000', '0', '', ''); GO
INSERT INTO [DSM_ENTITYFIELD] VALUES ('1579eb67-b67e-4b34-b66d-430cf6b52764', '8a23916c-d723-4727-a839-251e6a125389', 'EXT_REPORTFLAG', '扩展_上报状态', '0', 36, NULL, '', '1', '0', '12', '2020-06-08 16:52:40.000', 'scott', '2020-06-08 16:52:40.000', '0', '', '4'); GO
INSERT INTO [DSM_ENTITYFIELD] VALUES ('16b2cde5-d47d-4a85-8512-4fdd1c6d35c3', '8372efb7-a0ea-4a48-aa26-46ef51301d9f', 'EXT_REPORTSOCIALCODE', '扩展_上报单位编码', '0', 36, NULL, '', '1', '0', '12', '2020-06-08 16:54:14.000', 'scott', '2020-06-08 16:54:14.000', '0', '', '1'); GO
INSERT INTO [DSM_ENTITYFIELD] VALUES ('1785ee37-36a8-4a4a-a4f5-2ba575c9eb55', '2cb35a10-37d6-47ff-b59f-275dc0e66bf0', 'RELATIONORGID', '国企组织内码 关联组织内码', '0', 36, NULL, '', '1', '0', '2', '2020-06-11 14:21:39.000', 'scott', '2020-06-11 14:21:39.000', '', '', ''); GO
INSERT INTO [DSM_ENTITYFIELD] VALUES ('1e76db35-375a-4528-8db7-f3772f094d90', '8372efb7-a0ea-4a48-aa26-46ef51301d9f', 'g_11685', '人数占比', '0', 16, NULL, '', '1', '0', '9', '2020-06-08 16:54:14.000', 'scott', '2020-06-08 16:54:14.000', '0', '', ''); GO
INSERT INTO [DSM_ENTITYFIELD] VALUES ('20e0362b-4d3c-4f6b-9149-f81751b6fc7a', '78896e6a-261e-4b0d-9790-f93a2ed79e11', 'QYUSECODE', '资金用途编码（企业）', '0', 6, NULL, '最大6位编号。企业资金用途编码', '1', '0', '3', '2020-06-11 14:34:13.000', 'scott', '2020-06-11 14:34:13.000', '', '', ''); GO
INSERT INTO [DSM_ENTITYFIELD] VALUES ('2a13e105-26f1-4f71-b8b0-7891631157a2', '8372efb7-a0ea-4a48-aa26-46ef51301d9f', 'g_11678', '审批日期', '0', 32, NULL, '', '1', '0', '2', '2020-06-08 16:54:14.000', 'scott', '2020-06-08 16:54:14.000', '0', '', ''); GO
INSERT INTO [DSM_ENTITYFIELD] VALUES ('2ca97d06-2801-43aa-8b43-95b426966f38', '8a23916c-d723-4727-a839-251e6a125389', 'EXT_REPORTSOCIALCODE', '扩展_上报单位编码', '0', 36, NULL, '', '1', '0', '9', '2020-06-08 16:52:40.000', 'scott', '2020-06-08 16:52:40.000', '0', '', '1'); GO
INSERT INTO [DSM_ENTITYFIELD] VALUES ('2d680d26-258c-4851-beb9-0db4fc4cc499', '8a23916c-d723-4727-a839-251e6a125389', 'g_12306', '股东性质', '0', 128, NULL, '', '1', '0', '4', '2020-06-08 16:52:40.000', 'scott', '2020-06-08 16:52:40.000', '0', '', ''); GO
INSERT INTO [DSM_ENTITYFIELD] VALUES ('32851103-0a89-4a58-b0d8-cbfebfa3323a', '20d6efd7-697a-4b60-bcd1-37b319da206f', 'QYKMBH', '科目编码（企业）', '0', 50, NULL, '最大50位编号。企业科目编码', '1', '0', '3', '2020-06-11 14:38:23.000', 'scott', '2020-06-11 14:38:23.000', '', '', ''); GO
INSERT INTO [DSM_ENTITYFIELD] VALUES ('337879c5-462b-4410-8e43-9717b805802d', '2cb35a10-37d6-47ff-b59f-275dc0e66bf0', 'SYSTEMID', '所属系统', '0', 36, NULL, '', '1', '0', '7', '2020-06-11 14:21:39.000', 'scott', '2020-06-11 14:21:39.000', '', '', ''); GO
INSERT INTO [DSM_ENTITYFIELD] VALUES ('34664994-9718-4635-b97f-71766e437d45', '2cb35a10-37d6-47ff-b59f-275dc0e66bf0', 'ORGGUID', '国企组织内码', '0', 36, NULL, '', '1', '0', '1', '2020-06-11 14:21:39.000', 'scott', '2020-06-11 14:21:39.000', '', '', ''); GO
INSERT INTO [DSM_ENTITYFIELD] VALUES ('3696cc40-40d7-47b4-aeaa-2923ca2bc5b5', 'f2402661-b917-422b-8aad-15c1b247ca16', 'GZWWBBH', '币种编码（国资委）', '0', 20, NULL, '最大20位编号。资委统一制定的币种编码', '1', '0', '1', '2020-06-11 14:42:13.000', 'scott', '2020-06-11 14:42:13.000', '', '', ''); GO
INSERT INTO [DSM_ENTITYFIELD] VALUES ('40204468-c3da-48d0-8961-7506f2e183a5', '20d6efd7-697a-4b60-bcd1-37b319da206f', 'GZWKMBH', '科目编码（国资委）', '0', 50, NULL, '最大50位编号。国资委统一制定的科目编码', '1', '0', '1', '2020-06-11 14:38:23.000', 'scott', '2020-06-11 14:38:23.000', '', '', ''); GO
INSERT INTO [DSM_ENTITYFIELD] VALUES ('42fce203-2c62-48e3-b1f3-3844e0bac386', '20d6efd7-697a-4b60-bcd1-37b319da206f', 'QYKMMC', '科目名称（企业）', '0', 200, NULL, '企业科目名称', '1', '0', '4', '2020-06-11 14:38:23.000', 'scott', '2020-06-11 14:38:23.000', '', '', ''); GO
INSERT INTO [DSM_ENTITYFIELD] VALUES ('473e378c-6dbd-41f5-890c-c2f41d564081', '8372efb7-a0ea-4a48-aa26-46ef51301d9f', 'g_11680', '失效日期', '0', 32, NULL, '', '1', '0', '4', '2020-06-08 16:54:14.000', 'scott', '2020-06-08 16:54:14.000', '0', '', ''); GO
INSERT INTO [DSM_ENTITYFIELD] VALUES ('4d4ab6a2-79ea-416b-a414-e6701c91a46f', '8372efb7-a0ea-4a48-aa26-46ef51301d9f', 'g_11681', '是否经过法律审核', '0', 16, NULL, '', '1', '0', '5', '2020-06-08 16:54:14.000', 'scott', '2020-06-08 16:54:14.000', '0', '', ''); GO
INSERT INTO [DSM_ENTITYFIELD] VALUES ('4e7e7975-9644-43cc-b745-8c496d145692', '2cb35a10-37d6-47ff-b59f-275dc0e66bf0', 'RELATIONORGNAME', '关联组织名称', '0', 512, NULL, '', '1', '0', '4', '2020-06-11 14:21:39.000', 'scott', '2020-06-11 14:21:39.000', '', '', ''); GO
INSERT INTO [DSM_ENTITYFIELD] VALUES ('54c4f343-acc8-419c-985d-0782412a0d76', '8372efb7-a0ea-4a48-aa26-46ef51301d9f', 'g_11677', '制度类型', '0', 64, NULL, '', '1', '0', '1', '2020-06-08 16:54:14.000', 'scott', '2020-06-08 16:54:14.000', '0', '', ''); GO
INSERT INTO [DSM_ENTITYFIELD] VALUES ('5db08515-ba49-4a5c-a4b6-79f02257ac5f', 'f2402661-b917-422b-8aad-15c1b247ca16', 'QYWBBH', '币种编码（企业）', '0', 20, NULL, '最大20位编号。企业币种编码', '1', '0', '3', '2020-06-11 14:42:13.000', 'scott', '2020-06-11 14:42:13.000', '', '', ''); GO
INSERT INTO [DSM_ENTITYFIELD] VALUES ('754fab9a-c828-4040-90ea-a9379b14ab71', '2cb35a10-37d6-47ff-b59f-275dc0e66bf0', 'ISHISTORY', '停用标识', '0', 1, NULL, '1 是，0否', '1', '0', '8', '2020-06-11 14:21:39.000', 'scott', '2020-06-11 14:21:39.000', '', '', ''); GO
INSERT INTO [DSM_ENTITYFIELD] VALUES ('7aac4630-c4a2-4fd0-8e24-b52e7d72fa66', '20d6efd7-697a-4b60-bcd1-37b319da206f', 'ID', '唯一标识', '0', 36, NULL, '科目唯一标识', '1', '0', '0', '2020-06-11 14:38:23.000', 'scott', '2020-06-11 14:38:23.000', '', '', ''); GO
INSERT INTO [DSM_ENTITYFIELD] VALUES ('7d72a376-c272-443c-b877-f7647e0cff5b', '8a23916c-d723-4727-a839-251e6a125389', 'g_12303', '股东代码', '0', 64, NULL, '', '1', '0', '1', '2020-06-08 16:52:40.000', 'scott', '2020-06-08 16:52:40.000', '0', '', ''); GO
INSERT INTO [DSM_ENTITYFIELD] VALUES ('88ffb8b4-3512-47f3-bc57-34857090eea8', '8372efb7-a0ea-4a48-aa26-46ef51301d9f', 'g_11683', '事项编码', '0', 64, NULL, '', '1', '0', '7', '2020-06-08 16:54:14.000', 'scott', '2020-06-08 16:54:14.000', '0', '', ''); GO
INSERT INTO [DSM_ENTITYFIELD] VALUES ('8b271694-3897-4d65-b46f-38ba097438fc', '78896e6a-261e-4b0d-9790-f93a2ed79e11', 'GZWUSENAME', '资金用途名称（国资委）', '0', 500, NULL, '国资委统一制定的资金用途名称', '1', '0', '2', '2020-06-11 14:34:13.000', 'scott', '2020-06-11 14:34:13.000', '', '', ''); GO
INSERT INTO [DSM_ENTITYFIELD] VALUES ('9471b272-9d4a-4961-9df3-9c4b59f83a43', '2cb35a10-37d6-47ff-b59f-275dc0e66bf0', 'REALTIONTYPE', '关联类型', '0', 1, NULL, '', '1', '0', '6', '2020-06-11 14:21:39.000', 'scott', '2020-06-11 14:21:39.000', '', '', ''); GO
INSERT INTO [DSM_ENTITYFIELD] VALUES ('99a65daa-9567-4d30-b95d-d7a78f0e067e', '78896e6a-261e-4b0d-9790-f93a2ed79e11', 'GZWUSECODE', '资金用途编码（国资委）', '0', 6, NULL, '最大6位编号。国资委统一制定的资金用途编码', '1', '0', '1', '2020-06-11 14:34:13.000', 'scott', '2020-06-11 14:34:13.000', '', '', ''); GO
INSERT INTO [DSM_ENTITYFIELD] VALUES ('9c4d00d4-2a54-4679-9e94-239179b10a08', '8a23916c-d723-4727-a839-251e6a125389', 'g_12305', '股东国别', '0', 128, NULL, '', '1', '0', '3', '2020-06-08 16:52:40.000', 'scott', '2020-06-08 16:52:40.000', '0', '', ''); GO
INSERT INTO [DSM_ENTITYFIELD] VALUES ('9cb56686-ce13-427d-9bb1-f2e03d850673', 'f2402661-b917-422b-8aad-15c1b247ca16', 'ID', '唯一标识', '0', 36, NULL, '币种唯一标识', '1', '0', '0', '2020-06-11 14:42:13.000', 'scott', '2020-06-11 14:42:13.000', '', '', ''); GO
INSERT INTO [DSM_ENTITYFIELD] VALUES ('9e53ba5e-c265-4c38-845e-05fcef4b02c5', '8372efb7-a0ea-4a48-aa26-46ef51301d9f', 'EXT_CORPSOCIALCODE', '扩展_单位编码', '0', 36, NULL, '', '1', '0', '13', '2020-06-08 16:54:14.000', 'scott', '2020-06-08 16:54:14.000', '0', '', '2'); GO
INSERT INTO [DSM_ENTITYFIELD] VALUES ('a26f453b-92d4-4963-bfbe-a697094da341', '8372efb7-a0ea-4a48-aa26-46ef51301d9f', 'g_11686', '正式文件', '0', 1024, NULL, '', '1', '0', '10', '2020-06-08 16:54:14.000', 'scott', '2020-06-08 16:54:14.000', '0', '', ''); GO
INSERT INTO [DSM_ENTITYFIELD] VALUES ('a3018f5c-2942-417b-9b76-754e090411ad', '8a23916c-d723-4727-a839-251e6a125389', 'g_12309', '操作标识', '0', 32, NULL, '', '1', '0', '7', '2020-06-08 16:52:40.000', 'scott', '2020-06-08 16:52:40.000', '0', '', ''); GO
INSERT INTO [DSM_ENTITYFIELD] VALUES ('a9da18a6-c66e-49c8-b499-ab97448e1781', '8a23916c-d723-4727-a839-251e6a125389', 'g_12308', '股权比例', '1', 16, 5, '', '1', '0', '6', '2020-06-08 16:52:40.000', 'scott', '2020-06-08 16:52:40.000', '0', '', ''); GO
INSERT INTO [DSM_ENTITYFIELD] VALUES ('abd6fa3d-8f0c-43f9-9b0a-56e516c397fe', '8a23916c-d723-4727-a839-251e6a125389', 'g_12307', '股东组织形式', '0', 128, NULL, '', '1', '0', '5', '2020-06-08 16:52:40.000', 'scott', '2020-06-08 16:52:40.000', '0', '', ''); GO
INSERT INTO [DSM_ENTITYFIELD] VALUES ('acb5f602-c9ec-454f-903d-2366c3fa9a14', '8372efb7-a0ea-4a48-aa26-46ef51301d9f', 'g_11676', '制度名称', '0', 1024, NULL, '', '1', '0', '0', '2020-06-08 16:54:14.000', 'scott', '2020-06-08 16:54:14.000', '0', '', ''); GO
INSERT INTO [DSM_ENTITYFIELD] VALUES ('b37e228a-5ead-4aef-900f-6274db788c1b', '8a23916c-d723-4727-a839-251e6a125389', 'id', 'pk', '0', 36, NULL, '', '0', '1', '13', '2020-06-08 16:52:40.000', 'scott', '2020-06-08 16:52:40.000', '0', '', ''); GO
INSERT INTO [DSM_ENTITYFIELD] VALUES ('b444507c-b482-4a11-a7ab-e5bc2c16b2bd', '8a23916c-d723-4727-a839-251e6a125389', 'EXT_CORPSOCIALCODE', '扩展_单位编码', '0', 36, NULL, '', '1', '0', '10', '2020-06-08 16:52:40.000', 'scott', '2020-06-08 16:52:40.000', '0', '', '2'); GO
INSERT INTO [DSM_ENTITYFIELD] VALUES ('b68bf248-fd19-4039-a0b6-39268ebe276a', '8372efb7-a0ea-4a48-aa26-46ef51301d9f', 'EXT_DATAFLAG', '扩展_数据标识', '0', 36, NULL, '', '1', '0', '14', '2020-06-08 16:54:14.000', 'scott', '2020-06-08 16:54:14.000', '0', '', '3'); GO
INSERT INTO [DSM_ENTITYFIELD] VALUES ('b9d2cf82-f2ec-442d-b5ef-1ffdd6c5f35e', '8a23916c-d723-4727-a839-251e6a125389', 'g_12302', '单位代码', '0', 64, NULL, '', '1', '0', '0', '2020-06-08 16:52:40.000', 'scott', '2020-06-08 16:52:40.000', '0', '', ''); GO
INSERT INTO [DSM_ENTITYFIELD] VALUES ('bb6634f2-2ba2-4b6e-a08c-7d225152b429', '8372efb7-a0ea-4a48-aa26-46ef51301d9f', 'g_11682', '审查佐证材料', '0', 1024, NULL, '', '1', '0', '6', '2020-06-08 16:54:14.000', 'scott', '2020-06-08 16:54:14.000', '0', '', ''); GO
INSERT INTO [DSM_ENTITYFIELD] VALUES ('bd5bd945-df1d-459f-b5f2-ec16a1efc49d', '2cb35a10-37d6-47ff-b59f-275dc0e66bf0', 'ID', '内码', '0', 36, NULL, '', '1', '0', '0', '2020-06-11 14:21:39.000', 'scott', '2020-06-11 14:21:39.000', '', '', ''); GO
INSERT INTO [DSM_ENTITYFIELD] VALUES ('bf69f780-a4e5-4bfe-a888-2f448df4ae98', '8372efb7-a0ea-4a48-aa26-46ef51301d9f', 'EXT_REPORTFLAG', '扩展_上报状态', '0', 36, NULL, '', '1', '0', '15', '2020-06-08 16:54:14.000', 'scott', '2020-06-08 16:54:14.000', '0', '', '4'); GO
INSERT INTO [DSM_ENTITYFIELD] VALUES ('c7ec2008-df76-4d2b-b302-a40b0c2eb8ce', '78896e6a-261e-4b0d-9790-f93a2ed79e11', 'QYUSENAME', '资金用途名称（企业）', '0', 500, NULL, '企业资金用途名称', '1', '0', '4', '2020-06-11 14:34:13.000', 'scott', '2020-06-11 14:34:13.000', '', '', ''); GO
INSERT INTO [DSM_ENTITYFIELD] VALUES ('c9fdd9ba-edd3-4d30-81b0-5a2ace0971f0', '8372efb7-a0ea-4a48-aa26-46ef51301d9f', 'g_11687', '备注', '0', 1024, NULL, '', '1', '0', '11', '2020-06-08 16:54:14.000', 'scott', '2020-06-08 16:54:14.000', '0', '', ''); GO
INSERT INTO [DSM_ENTITYFIELD] VALUES ('cf33890c-95e8-4837-b77c-7c148e336c64', 'f2402661-b917-422b-8aad-15c1b247ca16', 'QYWBMC', '币种名称（企业）', '0', 200, NULL, '企业币种名称', '1', '0', '4', '2020-06-11 14:42:13.000', 'scott', '2020-06-11 14:42:13.000', '', '', ''); GO
INSERT INTO [DSM_ENTITYFIELD] VALUES ('d0d0e86c-ae59-47bf-aa78-19ebf210017d', '8a23916c-d723-4727-a839-251e6a125389', 'g_12304', '股东名称', '0', 256, NULL, '', '1', '0', '2', '2020-06-08 16:52:40.000', 'scott', '2020-06-08 16:52:40.000', '0', '', ''); GO
INSERT INTO [DSM_ENTITYFIELD] VALUES ('d7683df6-a8c5-410f-b9cf-e2eb93222d97', '2cb35a10-37d6-47ff-b59f-275dc0e66bf0', 'REMARK', '备注', '0', 1024, NULL, '', '1', '0', '5', '2020-06-11 14:21:39.000', 'scott', '2020-06-11 14:21:39.000', '', '', ''); GO
INSERT INTO [DSM_ENTITYFIELD] VALUES ('e006d6a3-d911-4f74-b592-5393d127453d', '8372efb7-a0ea-4a48-aa26-46ef51301d9f', 'id', 'id', '0', 36, NULL, '', '0', '1', '16', '2020-06-08 16:54:14.000', 'scott', '2020-06-08 16:54:14.000', '0', '', ''); GO
INSERT INTO [DSM_ENTITYFIELD] VALUES ('e007cba1-849d-4d94-a6bc-d8e84deeecdf', '78896e6a-261e-4b0d-9790-f93a2ed79e11', 'ID', '唯一标识', '0', 36, NULL, '资金用途唯一标识', '1', '0', '0', '2020-06-11 14:34:13.000', 'scott', '2020-06-11 14:34:13.000', '', '', ''); GO
INSERT INTO [DSM_ENTITYFIELD] VALUES ('e8710495-7b47-4f6e-aa06-f71a5cb487f9', '8372efb7-a0ea-4a48-aa26-46ef51301d9f', 'g_11679', '生效日期', '0', 32, NULL, '', '1', '0', '3', '2020-06-08 16:54:14.000', 'scott', '2020-06-08 16:54:14.000', '0', '', ''); GO
INSERT INTO [DSM_ENTITYFIELD] VALUES ('e963e855-f5f3-4c8f-b1f9-1865c0338cc9', '8372efb7-a0ea-4a48-aa26-46ef51301d9f', 'g_11684', '表决方式', '0', 512, NULL, '', '1', '0', '8', '2020-06-08 16:54:14.000', 'scott', '2020-06-08 16:54:14.000', '0', '', ''); GO
INSERT INTO [DSM_ENTITYFIELD] VALUES ('ee8ee730-7df9-40fd-aa44-47f6b9b5a360', '8a23916c-d723-4727-a839-251e6a125389', 'EXT_DATAFLAG', '扩展_数据标识', '0', 36, NULL, '', '1', '0', '11', '2020-06-08 16:52:40.000', 'scott', '2020-06-08 16:52:40.000', '0', '', '3'); GO
INSERT INTO [DSM_ENTITYFIELD] VALUES ('f9bd922c-f8dd-42d8-9915-9cdc3ada0c09', '2cb35a10-37d6-47ff-b59f-275dc0e66bf0', 'RELATIONORGCODE', '关联组织编号', '0', 256, NULL, '', '1', '0', '3', '2020-06-11 14:21:39.000', 'scott', '2020-06-11 14:21:39.000', '', '', ''); GO
INSERT INTO [DSM_ENTITYFIELD] VALUES ('fd8ea63b-f8cb-46f1-bc87-1444164e7a6f', 'f2402661-b917-422b-8aad-15c1b247ca16', 'GZWWBMC', '币种名称（国资委）', '0', 200, NULL, '国资委统一制定的币种名称', '1', '0', '2', '2020-06-11 14:42:13.000', 'scott', '2020-06-11 14:42:13.000', '', '', ''); GO
INSERT INTO [DSM_ENTITYFIELD] VALUES ('feac973c-d0bb-48d5-a692-2d9d80a70534', '20d6efd7-697a-4b60-bcd1-37b319da206f', 'GZWKMMC', '科目名称（国资委）', '0', 200, NULL, '国资委统一制定的科目名称', '1', '0', '2', '2020-06-11 14:38:23.000', 'scott', '2020-06-11 14:38:23.000', '', '', ''); GO


INSERT INTO [DATASOURCEENTITYTABLE] VALUES ('8372efb7-a0ea-4a48-aa26-46ef51301d9f', '3e933745-cbc8-4d44-8b4d-0532ffc60ffe', '2020-06-08 16:54:14.000', 'scott', NULL); GO
INSERT INTO [DATASOURCEENTITYTABLE] VALUES ('8a23916c-d723-4727-a839-251e6a125389', '3e933745-cbc8-4d44-8b4d-0532ffc60ffe', '2020-06-08 16:52:40.000', 'scott', NULL); GO
